[
  {
    "name": "Gale Reef",
    "image": "reef1.jpg",
    "description": "<p>Gale Reef Trip: Sed et augue lorem. In sit amet placerat and white sandy beaches.</p>"
  },
  {
    "name": "Dawson's Reef",
    "image": "reef2.jpg",
    "description": "<p>Dawson's Reef Trip: Experience crystal clear waters and vibrant marine life.</p>"
  },
  {
    "name": "Claire's Reef",
    "image": "reef3.jpg",
    "description": "<p>Claire's Reef Trip: Discover hidden underwater treasures and breathtaking coral gardens.</p>"
    }
  ]
  